ID,SMILES,Manifold_X,Manifold_Y,Bioactivity_Score,LogP,TPSA,MolWt,Dipole_Proxy,Max_Partial_Charge,Balaban_J,Bertz_CT
分子编号,分子结构字符串表示,分子在低维化学空间中的坐标,分子在低维化学空间中的坐标,分子生物活性得分,分子亲脂性指标,分子极性表面积指标,分子量,分子偶极性质代理指标,分子最大局部部分电荷,分子拓扑结构指数,分子结构复杂度指数
0,Nc1cccc(O)c1,7.3517504,7.181257,1.656789972,0.9744,46.25,109.0527638,0.625015681,0.1171292,3.077660438,168.3883389
1,COc1ccc2ccccc2c1,7.455242,7.9248977,9.242442703,2.8484,9.23,158.0731649,0.61574448,0.118999375,2.673996463,392.881175
2,CC(C)c1ccc(Cl)cc1,5.841762,8.449295,4.84862167,3.4634,0,154.054928,0.124912818,0.040568688,2.893762784,198.4731805
3,Clc1ccc2ccccc2c1,7.758453,8.0870695,5.617119208,3.4932,0,162.0236279,0.125508695,0.041187665,2.828901216,379.2844904
4,C#Cc1cccc(CC(=O)O)c1,6.857584,5.1201677,5.932638677,1.295,37.3,160.0524295,0.78830168,0.307315511,2.882823603,333.9369705
5,CC(C)(F)c1ccccc1,2.9808328,11.077602,6.435432135,2.8912,0,138.0844786,0.36927886,0.129983559,2.966043179,195.718293
6,Cn1c(Br)nc2cncnc21,-11.917422,-0.002959403,4.802795444,1.1258,43.6,211.9697583,0.484942147,0.178651418,2.924165617,394.3816552
7,C#CCn1cnc2cncnc21,-7.4717536,-3.3255706,4.426375328,0.4595,43.6,158.0592462,0.466904669,0.163536589,2.641614953,437.4997407
8,Cn1c(CO)nc2cncnc21,-11.744623,-0.0614003,3.870656268,-0.1444,63.83,164.0698109,0.551130392,0.162698382,2.784076402,408.6986225
9,CC(C)(N)c1ccccc1,2.976872,11.081763,3.525138268,1.8804,26.02,135.1047994,0.357046052,0.035193011,2.966043179,195.718293
10,CCCC(C)c1ccccc1,12.117259,1.9337927,5.671885784,3.5902,0,148.1252005,0.046312285,-0.019048743,2.610675164,188.4531007
11,COc1ccccc1CC(=O)O,4.404316,4.4647503,7.040233483,1.3223,46.53,166.0629942,0.803920739,0.307459511,2.8889413,280.8570663
12,COc1ncc2ncn(C)c2n1,-9.784815,2.3471205,6.100262351,0.3719,52.83,164.0698109,0.784423694,0.317690131,2.713681303,408.6986225
13,CC(=O)NCC(C)c1ccccc1,11.982997,2.0122569,3.39023531,1.9262,29.1,177.1153641,0.572135489,0.216392449,2.488689449,268.6785848
14,C#Cc1ccc(CN)cc1,7.2429643,6.2013016,3.747389311,1.1266,26.02,131.0734993,0.350726776,0.024229281,2.930275615,240.4259307
15,C#CC(N)c1ccccc1,11.405125,3.5123036,6.219315557,1.3196,26.02,131.0734993,0.405763317,0.091774791,2.875859694,232.6552209
16,CC(C)c1ccc(O)cc1,6.0164003,8.29721,7.04303363,2.5156,20.23,136.088815,0.623061831,0.115095189,2.893762784,198.4731805
17,COc1ccccc1,6.829152,7.559919,5.838750569,1.6952,9.23,108.0575149,0.615126284,0.118357715,2.832085835,145.7328145
18,CC(C)c1cccc(CO)c1,6.5593686,8.466415,2.469854016,2.3023,20.23,150.1044651,0.459827264,0.068146972,2.913441904,228.0693159
19,O=C(O)C(C(=O)O)c1ccccc1,10.744602,3.8996508,2.869477425,0.9394,74.6,180.0422587,0.802303946,0.321953965,3.029904442,303.6464035
20,O=C(O)C(Cl)c1ccccc1,10.746048,3.887995,6.758805223,2.0511,37.3,170.0134571,0.805590223,0.325698341,2.85117789,245.5287877
21,CC(C)c1cccc(F)c1,6.7590427,8.616783,8.217643063,2.9491,0,138.0844786,0.329993709,0.122992224,2.955063749,215.7231805
22,Cn1c(F)nc2cncnc21,-11.934031,0.09140133,4.17587621,0.5024,43.6,152.0498244,0.578528352,0.29073175,2.924165617,394.3816552
23,CC(=O)Nc1cccc(O)c1,8.394031,6.898211,5.940680336,1.3506,49.33,151.0633285,0.728635646,0.22074951,2.790931451,270.5494976
24,CCc1ccc(O)cc1,6.6328626,6.2904325,5.544471526,1.9546,20.23,122.0731649,0.623061483,0.115094837,2.881555878,176.264053
25,CCN1CCNC(CO)C1,21.748852,6.5307016,0,-0.7276,35.5,144.1262631,0.454373407,0.059669532,2.246450051,87.60689651
26,CC(=O)NC(C(=O)O)c1ccccc1,10.578253,3.9701898,5.543261367,0.9484,66.4,193.0738932,0.809868613,0.330410813,2.889591545,334.4801644
27,Oc1ccccc1Cl,4.3659825,5.0870485,4.68813276,2.0456,20.23,128.0028925,0.640062244,0.133666613,3.134861511,164.6383389
28,C=Cc1ncc2ncn(C)c2n1,-9.838484,2.4004822,5.633755141,1.0063,43.6,160.0748963,0.481438456,0.163111791,2.79284632,429.5505228
29,COc1cccc(CN)c1,7.6513424,6.1069674,4.953814713,1.1539,35.25,137.084064,0.615439237,0.118682148,2.871145729,190.9174942
30,CCc1ccccc1CN,4.2554255,4.080542,4.273086187,1.7077,26.02,135.1047994,0.344523762,0.018035401,2.964000094,182.6381692
31,C=CC1CCOC1,3.0885892,-8.162445,3.462086743,1.2089,9.23,98.07316494,0.433719751,0.052904372,2.261812525,62.58027135
32,COc1ccc(O)cc1,6.7155747,7.372627,5.150112625,1.4008,29.46,124.0524295,0.626591081,0.118628846,2.881555878,178.6125685
33,Nc1ccccc1,6.9070616,7.660172,3.970139821,1.2688,26.02,93.05784922,0.430076422,0.031347593,3.02146531,134.1073697
34,BrC1CCCCC1,3.9879081,-8.786489,5.064790097,2.714,0,162.0044125,0.103606897,0.014537919,2.12291795,46.14170945
35,Oc1ccc(O)cc1,6.4932146,7.2312937,6.917915167,1.0978,40.46,110.0367794,0.623308188,0.115345951,3.032455532,145.3883389
36,NCc1ccccc1Cl,4.1547194,4.13301,5.751322141,1.7987,26.02,141.0345269,0.371488303,0.045036653,3.006524007,197.8625685
37,CCN1CCNCC1F,23.145594,12.015939,3.974664579,0.2071,15.27,132.1062766,0.477007754,0.165719724,2.297255884,87.12704562
38,NCc1cccc(Cl)c1,7.7311497,6.1847053,7.603928484,1.7987,26.02,141.0345269,0.367368256,0.040871599,2.936866102,197.8625685
39,C=Cc1nc2cncnc2n1C,-11.907297,0.040655483,6.855341395,1.0063,43.6,160.0748963,0.475140418,0.162893247,2.868150205,429.5505228
40,C=Cc1cccc(O)c1,6.9048595,7.4540553,6.179249276,2.0352,20.23,120.0575149,0.623617268,0.115672991,3.070760682,215.5625496
41,O=C(O)Cc1cccc(Cl)c1,7.0027804,5.032602,3.860565566,1.9671,37.3,170.0134571,0.788301825,0.307315657,2.790931451,270.5494976
42,Oc1ccccc1,6.7848706,7.00812,2.528112479,1.3922,20.23,94.04186481,0.623041814,0.115074819,3.02146531,134.1073697
43,C#Cc1cccc(CN)c1,7.472165,6.469558,5.235499927,1.1266,26.02,131.0734993,0.35102764,0.024530844,3.012676362,257.6759307
44,CC(C)c1ccccc1F,2.6772816,4.7837553,3.521570279,2.9491,0,138.0844786,0.332850576,0.126155218,3.031327899,215.7231805
45,Nc1ccccc1CC(=O)O,4.6082764,4.252246,2.152219008,0.8959,63.32,151.0633285,0.78838075,0.307395535,2.857454154,270.5494976
46,Cn1cnc2c(CO)ncnc21,-4.705377,5.3615856,3.919588802,-0.1444,63.83,164.0698109,0.552773067,0.162800302,2.808944184,408.6986225
47,CC(C)c1ccc(Br)cc1,5.9800124,8.349743,4.375651302,3.5725,0,198.0044125,0.076177764,0.01749551,2.893762784,198.4731805
48,OCc1ccc(O)cc1,6.778664,6.410524,4.558144803,0.8845,40.46,124.0524295,0.62306436,0.115097739,2.881555878,178.6125685
49,NCc1ccc(F)cc1,7.3249354,6.064409,6.898242377,1.2844,26.02,125.0640775,0.44922634,0.122728862,2.881555878,180.6125685
50,CC(CO)c1ccccc1,12.008546,2.1187146,3.095879083,1.7824,20.23,136.088815,0.445408967,0.049657123,2.746978189,181.1795714
51,C=Cc1ccccc1C(C)C,2.8699594,4.5734234,10,3.453,0,146.1095504,0.077170532,-0.021289301,3.117407287,245.9701524
52,NS(=O)(=O)CCN1CCNCC1,20.730068,17.566195,1.680560512,-1.8199,75.43,193.0884977,0.524027261,0.209840632,2.219614632,220.947697
53,CC(C)(CO)c1ccccc1,2.9410844,11.116798,4.098616465,1.9565,20.23,150.1044651,0.447681082,0.052209804,2.928444531,213.5742034
54,Cn1cnc2c(N)ncnc21,-4.646862,5.4156184,1.352748697,-0.0545,69.62,149.0701452,0.546375333,0.164644163,2.941490232,390.7720147
55,O=C(O)Cc1ccccc1F,4.788653,4.4204926,7.306877373,1.4528,37.3,154.0430077,0.788410488,0.307425606,2.857454154,270.5494976
56,CC(C)c1ccccc1CO,2.8187778,4.6835027,2.470332215,2.3023,20.23,150.1044651,0.460082738,0.068413014,3.020725786,228.0693159
57,CC(C)c1ccccc1N,2.7642188,4.740675,2.920125678,2.3922,26.02,135.1047994,0.433366198,0.034868939,3.031327899,215.7231805
58,CC(=O)Nc1ncc2ncn(C)c2n1,-9.659299,2.3987794,4.646108455,0.3217,72.7,191.0807099,0.549275507,0.230995893,2.489064859,489.4373377
59,NCc1ccc(Br)cc1,7.2165027,5.9819565,2.570525704,1.9078,26.02,184.9840114,0.344259574,0.017762078,2.881555878,180.6125685
60,ClCn1cnc2cncnc21,-7.491248,-3.306687,4.179711557,1.0226,43.6,168.0202738,0.464437336,0.163726017,2.760004898,369.3747187
61,Cn1cnc2c(Br)ncnc21,-4.5544415,5.5086894,5.20091694,1.1258,43.6,211.9697583,0.481937441,0.163627057,2.941490232,394.3816552
62,CC(Br)N1CCNCC1,23.10016,20.859938,4.386349844,0.6325,15.27,192.0262105,0.376922989,0.062737734,2.228362115,79.12704562
63,O=C(O)C(Br)c1ccccc1,10.724701,3.8303757,7.083768157,2.2072,37.3,213.9629416,0.801495216,0.321337574,2.85117789,245.5287877
64,C=Cc1ccccc1O,4.0114603,4.4753876,3.396343677,2.0352,20.23,120.0575149,0.62960737,0.122272448,3.14797913,215.5625496
65,COc1ccc(CC(=O)O)cc1,6.569259,5.1556697,4.444907192,1.3223,46.53,166.0629942,0.804083011,0.307314796,2.709147824,263.6070663
66,OCc1ccc2ccccc2c1,7.7618713,7.88792,8.132593737,2.3321,20.23,158.0731649,0.45983885,0.06815876,2.673996463,392.881175
67,CC(C)c1ccc(N)cc1,5.9226165,8.422826,8.599205097,2.3922,26.02,135.1047994,0.430096505,0.031367945,2.893762784,198.4731805
68,C=CC(C)N1CCNCC1,23.04352,20.81803,4.576245618,0.4661,15.27,140.1313485,0.338969553,0.02478369,2.304451696,105.8252188
69,C=CC(C(=O)O)c1ccccc1,10.870958,3.756806,4.471388317,2.0408,37.3,162.0680796,0.794897833,0.314348497,2.952406953,277.1498705
70,CCN1CCNCC1OC,23.10166,12.060126,3.805983456,-0.116,24.5,144.1262631,0.487355983,0.122335538,2.340034232,85.60689651
71,CCN1CCNC(N)C1,21.62222,6.397425,3.09432393,-0.8037,41.29,129.1265975,0.382592319,0.067761097,2.231651619,84.37215812
72,CC(C)c1ccccc1O,2.7053506,4.7150145,4.601531203,2.5156,20.23,136.088815,0.626189476,0.118524207,3.031327899,215.7231805
73,Oc1ccc(Br)cc1,6.4858623,7.0747848,3.087572755,2.1547,20.23,171.9523769,0.623119782,0.115154154,3.032455532,147.3883389
74,NCc1ccc(Cl)cc1,7.2278776,6.066574,6.610258504,1.7987,26.02,141.0345269,0.367067472,0.040569979,2.881555878,180.6125685
75,C#CCCN1CCNCC1,20.729895,17.56595,1.637342499,-0.0851,15.27,138.1156984,0.335581766,0.021395138,2.086202268,119.7095059
76,CC(CN)c1ccccc1,12.172774,2.1206825,7.080023087,1.7488,26.02,135.1047994,0.328785328,-0.001089812,2.746978189,181.1795714
77,CCN1CCNC(O)C1,21.729921,6.5056214,3.377222551,-0.7701,35.5,130.1106131,0.494542482,0.117293841,2.231651619,87.12704562
78,Cn1cnc2cnc(O)nc21,-9.719096,2.3102238,5.507909594,0.0689,63.83,150.0541608,0.794419224,0.315459031,2.873085923,394.3816552
79,CC(C)c1cccc(O)c1,6.7854075,8.614201,5.007991608,2.5156,20.23,136.088815,0.623316634,0.115360432,2.955063749,215.7231805
80,C=CC1CNCCN1CC,23.086634,12.074812,3.044868178,0.4661,15.27,140.1313485,0.353630133,0.040050808,2.411680378,111.8252188
81,OC1CCCO1,4.95861,-10.267589,4.583911396,0.1152,29.46,88.0524295,0.522107724,0.154109943,2.18410557,38.81274391
82,COc1nc2cncnc2n1C,-11.852429,0.014672481,4.952234941,0.3719,52.83,164.0698109,0.765529895,0.297583793,2.784076402,408.6986225
83,CCN1CCNCC1Cl,23.206913,11.95592,2.658102807,0.4764,15.27,148.0767261,0.41029361,0.097631319,2.297255884,87.12704562
84,O=C(O)Cc1ccc(CO)cc1,6.364738,5.0810394,4.05799591,0.806,57.53,166.0629942,0.788300935,0.307314762,2.709147824,263.6070663
85,C=CCC(C)c1ccccc1,12.291089,2.0432608,8.68698047,3.3662,0,146.1095504,0.087470569,-0.015590662,2.680097321,210.7397365
86,C=Cc1cccc(C(C)C)c1,6.653548,8.386989,6.168050015,3.453,0,146.1095504,0.07660912,-0.021860763,3.001937177,245.9701524
87,BrC1CCOC1,2.9775074,-8.163242,3.852295473,1.1702,9.23,149.9680269,0.439424782,0.059177684,2.18410557,40.81274391
88,O=C(O)Cc1ccc(Cl)cc1,6.3526926,5.12205,5.582640153,1.9671,37.3,170.0134571,0.788300946,0.307314773,2.736298072,253.2994976
89,CCN1CCNC(OC)C1,21.719332,6.4948072,2.18781946,-0.116,24.5,144.1262631,0.485355249,0.12011574,2.246450051,87.60689651
90,COCn1cnc2cncnc21,-7.582238,-3.232839,4.485648707,0.4302,52.83,164.0698109,0.528495977,0.164591819,2.548405447,383.5417534
91,CC(CCl)c1ccccc1,12.259071,1.9026283,8.029717273,3.0289,0,154.054928,0.154975195,0.028911433,2.746978189,181.1795714
92,Cn1cnc2cnc(F)nc21,-9.726014,2.2619867,7.050724185,0.5024,43.6,152.0498244,0.628436964,0.310180327,2.873085923,394.3816552
93,NCc1cccc(F)c1,7.7611256,6.2216635,2.314355349,1.2844,26.02,125.0640775,0.449526796,0.123030978,2.936866102,197.8625685
94,Cn1cnc2cnc(CO)nc21,-9.811228,2.272556,1.255067827,-0.1444,63.83,164.0698109,0.551224774,0.162863721,2.713681303,408.6986225
95,Cn1cnc2cnc(S(N)(=O)=O)nc21,-9.647305,2.2391768,1.217269556,-0.9893,103.76,213.0320455,0.591648396,0.273340981,2.78787911,587.287713
96,CCc1cccc(O)c1,7.4972696,6.780767,6.448395254,1.9546,20.23,122.0731649,0.623306394,0.115350007,2.936866102,193.514053
97,NS(=O)(=O)c1ccccc1,8.089021,7.269086,5.798465449,0.334,60.16,157.0197495,0.462173508,0.237545098,3.218646629,303.7795181
98,NS(=O)(=O)C1CCCCC1,3.66432,-8.777505,0.586663837,0.6076,60.16,163.0666997,0.439950709,0.211462396,2.556903823,191.7933559
99,CCC1CCOC1,3.1154342,-8.310045,3.473882094,1.4329,9.23,100.088815,0.430602394,0.049451651,2.139963319,46.14170945
100,Clc1cccc2ccccc12,3.900256,5.1068277,3.909733155,3.4932,0,162.0236279,0.132053255,0.048389036,2.913161164,374.0344904
101,Nc1ccc2ccccc2c1,7.8830075,8.158957,8.405303476,2.422,26.02,143.0734993,0.430703486,0.031992606,2.828901216,379.2844904
102,CCC1CCCCC1,3.9370232,-8.8837385,4.884335157,2.9767,0,112.1252005,0.02342732,-0.041690861,2.125016255,51.05865003
103,OCCCN1CCNCC1,20.58456,17.416668,1.061147792,-0.726,35.5,144.1262631,0.440598137,0.044272191,2.017237222,81.6752921
104,C#Cc1ccccc1C(C)C,3.0024593,4.8715434,1.74865618,2.7913,0,144.0939004,0.142327096,0.027672232,3.151862533,276.3349389
105,C#Cc1ncc2ncn(C)c2n1,-9.7700815,2.2667105,3.936981482,0.3446,43.6,158.0592462,0.524513844,0.206206574,2.820750834,463.352863
106,Cn1c(Cl)nc2cncnc21,-11.891171,0.077288896,4.592707207,1.0167,43.6,168.0202738,0.506658737,0.204272171,2.924165617,394.3816552
107,NCCN1CCNCC1,20.717463,17.554186,4.969222324,-1.1497,41.29,129.1265975,0.339989515,0.010790991,2.077860755,65.9483369
108,C=Cc1cccc2ccccc12,3.9064608,4.648252,6.662317441,3.4828,0,154.0782503,0.087283029,-0.011165158,2.876112516,407.8127537
109,NCc1cccc(CO)c1,7.773355,6.235743,8.558134234,0.6376,46.25,137.084064,0.459827904,0.068147618,2.871145729,190.9174942
110,Cn1cnc2c(F)ncnc21,-4.6353555,5.4255977,6.918097982,0.5024,43.6,152.0498244,0.561904086,0.243653705,2.941490232,394.3816552
111,NCc1cccc(Br)c1,7.7771564,6.1881433,1.721994522,1.9078,26.02,184.9840114,0.344297811,0.017800946,2.936866102,197.8625685
112,C#Cc1ncnc2c1ncn2C,-4.6233096,5.4409423,5.113936347,0.3446,43.6,158.0592462,0.482063148,0.163756757,2.924996575,463.352863
113,CC(=O)Nc1cccc(CN)c1,8.323478,6.7457385,4.278723397,1.1037,55.12,164.094963,0.547243815,0.220747564,2.790011068,283.6119538
114,Cn1cnc2cnc(Br)nc21,-9.866111,2.3767948,4.665639194,1.1258,43.6,211.9697583,0.516470725,0.198159795,2.873085923,394.3816552
115,CCN1CCNCC1Br,23.141195,12.021209,3.747522431,0.6325,15.27,192.0262105,0.391212189,0.07817911,2.297255884,87.12704562
116,Oc1ccc(F)cc1,6.461917,7.212324,4.548370917,1.5313,20.23,112.032443,0.630941158,0.122977763,3.032455532,147.3883389
117,CCCn1cnc2cncnc21,-7.542706,-3.2549179,4.882016352,1.2363,43.6,162.0905463,0.477899245,0.162672617,2.548405447,379.1932379
118,CC(CS(N)(=O)=O)c1ccccc1,12.059989,1.9044977,6.83319616,1.0786,60.16,199.0666997,0.437880301,0.209170377,2.756569313,358.4609085
119,O=C(O)Cc1ccc(F)cc1,6.33429,5.093381,4.359608812,1.4528,37.3,154.0430077,0.78830096,0.307314787,2.736298072,253.2994976
120,OCn1cnc2cncnc21,-7.456858,-3.341672,7.217553802,-0.2239,63.83,150.0541608,0.540490328,0.164585325,2.760004898,369.3747187
121,BrC1CCCO1,4.9341965,-10.244059,3.972501219,1.5178,9.23,149.9680269,0.479106236,0.112112219,2.18410557,40.81274391
122,CCc1nc2cncnc2n1C,-11.7574005,0.031206219,6.480025097,0.9257,43.6,162.0905463,0.478380233,0.162629835,2.784076402,404.3501069
123,FCn1cnc2cncnc21,-7.5663548,-3.2322247,6.724378872,0.7533,43.6,152.0498244,0.453587298,0.167661615,2.760004898,369.3747187
124,NC1CCCO1,4.8551435,-10.162811,2.252230323,0.0816,35.25,87.06841391,0.46880782,0.105209498,2.18410557,40.81274391
125,C=CCCN1CCNCC1,20.733124,17.570312,6.788711387,0.4677,15.27,140.1313485,0.324936223,0.010749588,2.068319096,95.43071362
126,C=Cc1ccc(O)cc1,6.4764357,7.4028177,5.119938704,2.0352,20.23,120.0575149,0.623083942,0.115117691,3.009781948,198.3125496
127,O=C(O)c1ccc2ccccc2c1,8.080676,7.440033,9.244076057,2.538,37.3,172.0524295,0.812840011,0.335201021,2.686034664,460.3518617
128,Fc1ccc2ccccc2c1,7.826915,8.139618,7.817865419,2.9789,0,146.0531784,0.330336061,0.12334753,2.828901216,379.2844904
129,CCC(C)(C)c1ccccc1,3.084092,10.971978,3.916280699,3.3742,0,148.1252005,0.053936165,-0.010616604,2.928444531,208.7397365
130,CCN1CCNC(Cl)C1,21.65555,6.430831,1.70189526,0.4764,15.27,148.0767261,0.394971537,0.095406608,2.231651619,87.12704562
131,OCCN1CCNCC1,20.775482,17.610666,0.987782903,-1.1161,35.5,130.1106131,0.450843988,0.055799433,2.077860755,68.7032244
132,CC(CBr)c1ccccc1,12.289465,2.0024276,7.183120917,3.185,0,198.0044125,0.10190924,0.009752775,2.746978189,181.1795714
133,O=C(O)Cc1ccc(O)cc1,6.3824553,5.1579065,4.917931835,1.0193,57.53,152.0473441,0.815281438,0.307314796,2.736298072,250.5446101
134,NS(=O)(=O)c1ccc2ccccc2c1,8.074931,7.5500913,6.908222336,1.4872,60.16,207.0353995,0.462195791,0.237567706,2.749372328,575.4466217
135,ClC1CCCCC1,3.8323665,-8.917301,4.474678915,2.5579,0,118.054928,0.156572486,0.033563603,2.12291795,46.14170945
136,CC(C)(Br)c1ccccc1,2.9739015,11.084148,5.33336902,3.3166,0,198.0044125,0.125676312,0.04493554,2.966043179,195.718293
137,OCc1ccccc1O,4.5865755,4.6641293,5.184727758,0.8845,40.46,124.0524295,0.62816785,0.120583741,3.006524007,195.8625685
138,FCCN1CCNCC1,20.667164,17.503435,2.941672815,-0.1389,15.27,132.1062766,0.416270402,0.102083793,2.077860755,68.7032244
139,COc1cccc2ccccc12,3.6536958,4.840637,3.093546284,2.8484,9.23,158.0731649,0.622294497,0.126180342,2.79096703,387.631175
140,CCC(C)N1CCNCC1,23.162949,20.664013,3.893016486,0.6901,15.27,142.1469986,0.325205296,0.011019059,2.239538806,87.25838097
141,C#CC1CCCO1,4.9792004,-10.286503,3.464002859,0.7986,9.23,96.05751488,0.483094894,0.117558071,2.306687,84.84336712
142,CC(N)N1CCNCC1,23.042782,20.814634,2.821593119,-0.8037,41.29,129.1265975,0.370279607,0.054324386,2.228362115,76.37215812
143,O=C(O)C1CCCCC1,3.7796023,-8.877596,3.157291973,1.6513,37.3,128.0837296,0.787013605,0.305987143,2.312191534,103.4837784
144,C#Cc1cccc(O)c1,7.195264,7.558697,4.497446405,1.3735,20.23,118.0418648,0.624241747,0.116321328,3.119201792,244.9897024
145,NCc1ccccc1CO,4.164905,4.1636147,5.902789673,0.6376,46.25,137.084064,0.460120308,0.068451274,2.964000094,187.1674942
146,CC(C)c1ccccc1Cl,2.7659278,4.707408,5.018611977,3.4634,0,154.054928,0.128040798,0.04400983,3.031327899,215.7231805
147,CCCCN1CCNCC1,20.470097,17.305859,3.653536091,0.6917,15.27,142.1469986,0.324923634,0.010736995,2.017237222,77.32677656
148,O=C(O)C(O)c1ccccc1,10.654141,3.874811,4.226219037,0.8046,57.53,152.0473441,0.81578025,0.336713862,2.85117789,242.7739002
149,CC(C)c1cccc(Cl)c1,6.8390813,8.713173,5.12220919,3.4634,0,154.054928,0.125166677,0.040832988,2.955063749,215.7231805
150,CCC1CN(CC)CCN1,21.58138,6.356882,0.996493466,0.6901,15.27,142.1469986,0.330687827,0.019244005,2.246450051,83.25838097
151,CCc1ccc(CN)cc1,7.135454,6.042911,4.4316667,1.7077,26.02,135.1047994,0.344258603,0.017761099,2.797251263,165.3881692
152,NS(=O)(=O)C(C(=O)O)c1ccccc1,10.59281,3.821246,4.333553587,0.1008,97.46,215.0252288,0.807408812,0.327421917,3.219552107,425.9143183
153,C#Cc1ccc(O)cc1,6.7348905,7.537322,5.281530674,1.3735,20.23,118.0418648,0.623128198,0.115162718,3.056038396,227.7397024
154,COc1cccc(CC(=O)O)c1,6.8785405,5.227048,6.256924911,1.3223,46.53,166.0629942,0.804074846,0.307317121,2.790011068,280.8570663
155,C=Cc1ccccc1,6.5997405,7.710614,7.725106636,2.3296,0,104.0626003,0.072214261,-0.026255789,2.991046915,162.6530014
156,C=Cc1ccccc1CC(=O)O,4.3932886,4.4183865,5.064104054,1.9567,37.3,162.0680796,0.788323314,0.307337406,2.963936689,302.4618185
157,CCC1CCCO1,4.797084,-10.092801,3.261446613,1.5754,9.23,100.088815,0.435524242,0.057293425,2.139963319,46.14170945
158,COc1ccc(C(C)C)cc1,6.238626,8.119674,5.153178525,2.8186,9.23,150.1044651,0.6151463,0.118378084,2.827408604,210.8193159
159,O=C(O)C1CCOC1,3.185016,-8.375274,4.533586656,0.1075,46.53,116.0473441,0.789391535,0.308429495,2.349936739,93.8469047
160,NC(Cl)c1ccccc1,11.4620495,3.4476366,2.736009672,1.8827,26.02,141.0345269,0.417222367,0.105638701,2.848234051,171.530842
161,C#CC(C)N1CCNCC1,23.083035,20.80284,1.353891705,-0.0867,15.27,138.1156984,0.382554393,0.068369282,2.327442815,130.6832425
162,O=C(O)CCN1CCNCC1,20.61043,17.446478,1.137114149,-0.6337,52.57,158.1055277,0.785338272,0.304143224,2.092513389,132.4022634
163,Fc1ccccc1,6.414749,7.1052785,2.722555124,1.8257,0,96.03752838,0.329719762,0.12270724,3.02146531,134.1073697
164,OCC1CCCO1,4.7502913,-10.043028,5.183732052,0.1577,29.46,102.0680796,0.474290164,0.080611793,2.139963319,48.04184398
165,COCCN1CCNCC1,20.566757,17.40392,4.462145368,-0.462,24.5,144.1262631,0.442279212,0.058918902,2.017237222,81.6752921
166,COC(C(=O)O)c1ccccc1,10.686769,3.8778074,4.897788528,1.4587,46.53,166.0629942,0.816043232,0.336983756,2.877595791,255.7359748
167,ClCCN1CCNCC1,20.669245,17.505486,2.926725075,0.1304,15.27,148.0767261,0.349255581,0.035068955,2.077860755,68.7032244
168,Oc1cccc2ccccc12,3.886473,5.190862,5.607808717,2.5454,20.23,144.0575149,0.630210246,0.122898728,2.913161164,374.0344904
169,NC(O)c1ccccc1,11.422126,3.486889,3.458716394,0.6362,46.25,123.0684139,0.502635965,0.128098267,2.848234051,171.530842
170,O=C(O)C(F)c1ccccc1,10.690066,3.8309793,2.416938977,1.7818,37.3,154.0430077,0.821350632,0.342519361,2.85117789,245.5287877
171,O=C(O)c1cccc(O)c1,7.8729587,7.2241316,7.351060641,1.0904,57.53,138.0316941,0.843257351,0.335317714,3.069899266,254.7830614
172,COc1ccc(CN)cc1,7.2821884,5.9037356,1.946565265,1.1539,35.25,137.084064,0.61514759,0.118379385,2.797251263,169.9174942
173,NCc1cccc(C(=O)O)c1,7.9239364,6.653093,3.316313111,0.8435,63.32,151.0633285,0.812828508,0.335189383,3.005889219,270.5494976
174,O=C(O)Cc1cccc(Br)c1,7.0502563,4.913588,4.863517201,2.0762,37.3,213.9629416,0.788301607,0.307315437,2.790931451,270.5494976
175,COc1cccc(O)c1,6.9914236,7.501271,4.135735908,1.4008,29.46,124.0524295,0.629869479,0.12204628,2.936866102,195.8625685
176,C=Cc1ccccc1CN,4.047778,4.2823877,4.440805511,1.7883,26.02,133.0891494,0.344836517,0.018358301,3.076562928,227.9248049
177,COc1ccccc1C(C)C,3.083869,4.5344715,3.418796248,2.8186,9.23,150.1044651,0.618273849,0.121806505,3.020725786,228.0693159
178,Fc1cccc2ccccc12,3.829923,5.1493917,5.25835961,2.9789,0,146.0531784,0.336848641,0.130524574,2.913161164,374.0344904
179,Oc1ccccc1Br,4.362658,5.158349,5.103970944,2.1547,20.23,171.9523769,0.6360288,0.129252638,3.134861511,164.6383389
180,CCc1ccccc1O,4.648404,4.602835,4.714396887,1.9546,20.23,122.0731649,0.625927683,0.118251369,3.006524007,193.514053
181,Cn1cnc2cnc(Cl)nc21,-9.843916,2.3307898,3.828807254,1.0167,43.6,168.0202738,0.542246529,0.223946495,2.873085923,394.3816552
182,NS(=O)(=O)c1cccc(O)c1,8.012252,7.1764727,1.80640614,0.0396,80.39,173.0146641,0.745603903,0.237683413,3.277910585,357.8450745
183,O=C(O)C(CO)c1ccccc1,10.706065,3.6786873,6.215774987,0.8471,57.53,166.0629942,0.793551364,0.31283442,2.877595791,255.7359748
184,COC(C)(C)c1ccccc1,3.0659416,10.992461,4.398405743,2.5681,9.23,150.1044651,0.461217334,0.08710112,2.928444531,213.5742034
185,O=C(O)Cc1cccc(CO)c1,6.9529204,5.0572476,4.489303859,0.806,57.53,166.0629942,0.788301117,0.307314945,2.790011068,280.8570663
186,COC1CCOC1,3.2725568,-8.41137,3.817220468,0.4217,18.46,102.0680796,0.461585292,0.082614662,2.139963319,48.04184398
187,OC1CCOC1,2.9803636,-8.254747,5.398369813,-0.2324,29.46,88.0524295,0.470150332,0.079512744,2.18410557,38.81274391
188,FC1CCCO1,4.9453483,-10.255403,3.150311254,1.0924,9.23,90.04809306,0.546421643,0.198343996,2.18410557,40.81274391
189,COc1ncnc2c1ncn2C,-4.5689626,5.494229,5.202344967,0.3719,52.83,164.0698109,0.723966809,0.244644394,2.808944184,408.6986225
190,BrCCN1CCNCC1,20.843739,17.680395,4.298532476,0.2865,15.27,192.0262105,0.330110718,0.015924088,2.077860755,68.7032244
191,NC1CCOC1,2.9439917,-8.109836,5.063669454,-0.266,35.25,87.06841391,0.441564882,0.061786654,2.18410557,40.81274391
192,CC(=O)NC1CCOC1,3.1722963,-8.32608,4.288293948,-0.0886,38.33,129.0789786,0.59590642,0.216668651,2.18678509,107.6254878
193,CCC(N)c1ccccc1,11.558801,3.3236141,7.403838258,2.0964,26.02,135.1047994,0.353120416,0.029167792,2.746978189,181.1795714
194,CC(C)c1cccc(N)c1,6.7948046,8.626176,6.85722538,2.3922,26.02,135.1047994,0.43035536,0.031634785,2.955063749,215.7231805
195,OCC1CCCCC1,3.9974654,-8.90432,2.931503,1.559,20.23,114.1044651,0.441964588,0.045876421,2.125016255,55.40716557
196,C#Cc1nc2cncnc2n1C,-11.959975,-0.07040416,8.494602903,0.3446,43.6,158.0592462,0.491623727,0.186628933,2.897866871,463.352863
197,CC(O)N1CCNCC1,23.044514,20.80426,3.63933076,-0.7701,35.5,130.1106131,0.482819357,0.104131848,2.228362115,79.12704562
198,Nc1ccccc1O,4.4312086,5.033713,6.379861732,0.9744,46.25,109.0527638,0.643754366,0.137958202,3.134861511,164.6383389
199,O=C(O)Cc1ccc(Br)cc1,6.3437896,5.098454,7.844851726,2.0762,37.3,213.9629416,0.788300943,0.30731477,2.736298072,253.2994976
200,CCN1CCNCC1O,23.20206,11.960403,0.797920995,-0.7701,35.5,130.1106131,0.496543392,0.119514183,2.297255884,87.12704562
201,CC(C)c1ccc(F)cc1,5.8985643,8.430729,4.554140764,2.9491,0,138.0844786,0.329739729,0.122727564,2.893762784,198.4731805
202,C#Cc1cccc2ccccc12,3.9557242,4.9348454,6.792821109,2.8211,0,152.0626003,0.14669704,0.032054077,2.90627999,441.5401182
203,C=Cc1cccc(CN)c1,7.5356646,6.225865,3.423331102,1.7883,26.02,133.0891494,0.344279633,0.017782476,2.975409782,227.9248049
204,CCC(C(=O)O)c1ccccc1,10.60603,3.737401,5.556261646,2.2648,37.3,164.0837296,0.791240168,0.310459187,2.877595791,253.8009063
205,CC(CF)c1ccccc1,12.176842,1.9762565,5.680705599,2.7596,0,138.0844786,0.346423219,0.095975812,2.746978189,181.1795714
206,CC(C)c1ccccc1Br,2.7668433,4.667955,4.262992225,3.5725,0,198.0044125,0.082845609,0.020940303,3.031327899,215.7231805
207,CCN1CCNCC1N,23.100473,12.064165,3.60509377,-0.8037,41.29,129.1265975,0.384689419,0.070029775,2.297255884,84.37215812
208,CC(CC(=O)O)c1ccccc1,11.902143,2.0471246,6.797522325,2.2648,37.3,164.0837296,0.784665718,0.303451301,2.652217308,253.8009063
209,NCc1ccccc1F,4.184152,4.101549,4.023131557,1.2844,26.02,125.0640775,0.453591211,0.127183342,3.006524007,197.8625685
210,C#Cc1ccccc1CC(=O)O,4.43115,4.547074,6.42321693,1.295,37.3,160.0524295,0.788346936,0.307361304,2.990456782,333.9369705
211,Brc1ccc2ccccc2c1,7.7576513,8.183858,7.856904554,3.6023,0,205.9731123,0.079743967,0.018114271,2.828901216,379.2844904
212,C#Cc1cccc(C(C)C)c1,6.775329,8.346918,8.881820379,2.7913,0,144.0939004,0.139157394,0.024492256,3.033304572,276.3349389
213,NC(Br)c1ccccc1,11.386708,3.510913,4.418787676,2.0388,26.02,184.9840114,0.401245542,0.086116952,2.848234051,171.530842
214,Oc1cccc(F)c1,7.2237353,7.1831946,4.82540289,1.5313,20.23,112.032443,0.634244791,0.126388022,3.077660438,168.3883389
215,O=C(O)c1ccccc1,8.191823,7.140795,3.28392722,1.3848,37.3,122.0367794,0.812817485,0.335178235,2.981454614,203.4159526
216,C=CC(N)c1ccccc1,11.285759,3.4488533,2.875828168,1.8724,26.02,133.0891494,0.36858115,0.047803603,2.842015016,203.228068
217,CC(C)(O)c1ccccc1,2.8766012,11.182042,6.762096203,1.914,20.23,136.088815,0.469758692,0.084004285,2.966043179,195.718293
218,C=Cc1ccc(CN)cc1,7.1221385,6.053043,6.799673285,1.7883,26.02,133.0891494,0.34425898,0.017761479,2.895351845,210.6748049
219,CC(=O)NC1CCCCC1,3.7530088,-8.696891,4.034152195,1.4552,29.1,141.1153641,0.570203349,0.216586678,2.191916391,116.4259988
220,CCc1ccc(CC(=O)O)cc1,6.4146056,5.162927,5.762825965,1.8761,37.3,164.0837296,0.788300935,0.307314762,2.709147824,261.6719978
221,Oc1cccc(Cl)c1,7.228745,7.1390004,3.966052657,2.0456,20.23,128.0028925,0.624473277,0.116561888,3.077660438,168.3883389
222,C=CC1CN(CC)CCN1,21.595272,6.3705645,2.88300591,0.4661,15.27,140.1313485,0.345678281,0.037600545,2.311250845,111.8252188
223,Cn1cnc2cnc(N)nc21,-9.747182,2.2156298,6.621097573,-0.0545,69.62,149.0701452,0.589320216,0.22159139,2.873085923,390.7720147
224,OCc1ccccc1,6.754639,6.389035,5.057454711,1.1789,20.23,108.0575149,0.459817408,0.06813694,2.832085835,145.7328145
225,NC(C(=O)O)c1ccccc1,10.92663,3.9580407,7.122262926,0.771,63.32,151.0633285,0.804452108,0.324621508,2.85117789,245.5287877
226,O=C(O)Cc1ccccc1O,4.7892013,4.429641,3.794130063,1.0193,57.53,152.0473441,0.815118533,0.307459377,2.857454154,267.7946101
227,NCc1cccc(S(N)(=O)=O)c1,8.07919,6.807257,1.790480949,-0.2073,86.18,186.0462986,0.564052986,0.237556162,3.198565992,372.7476952
228,ClC1CCCO1,4.9142036,-10.223357,3.957933471,1.3617,9.23,106.0185425,0.493273441,0.1307822,2.18410557,40.81274391
229,CCc1cccc(CC(=O)O)c1,6.9545135,5.081363,4.30015941,1.8761,37.3,164.0837296,0.788301105,0.307314933,2.790011068,278.9219978
230,CCN1CCNC(F)C1,21.616713,6.391443,0.295161102,0.2071,15.27,132.1062766,0.461595259,0.163507972,2.231651619,87.12704562
231,NC(N)c1ccccc1,11.397374,3.5330737,2.338607345,0.6026,52.04,122.0843983,0.390712229,0.078416144,2.848234051,169.530842
232,COC1CCCO1,4.7660484,-10.06074,1.059834237,0.7693,18.46,102.0680796,0.512685481,0.156776268,2.139963319,48.04184398
233,CC(=O)Nc1ccc2ccccc2c1,8.431929,7.163401,7.476613201,2.7982,29.1,185.084064,0.547064121,0.220747738,2.45749561,476.4603532
234,OC1CCCCC1,3.908583,-8.850967,3.180084069,1.3114,20.23,100.088815,0.447116157,0.053984775,2.12291795,46.14170945
235,C=Cc1ccc(C(C)C)cc1,6.1892705,8.171188,5.570702629,3.453,0,146.1095504,0.076588376,-0.021881672,2.9098228,228.7201524
236,OCCn1cnc2cncnc21,-7.445361,-3.3533778,6.48084188,-0.1814,63.83,164.0698109,0.557271936,0.16275394,2.548405447,383.5417534
237,Oc1ccccc1F,4.5424414,5.0310493,1.406874196,1.5313,20.23,112.032443,0.669179696,0.164298519,3.134861511,164.6383389
238,CC(=O)Nc1ccccc1,8.552925,6.814298,4.253738468,1.645,29.1,135.0684139,0.547086494,0.220747403,2.674241602,217.9590175
239,COc1ccccc1CN,3.862907,4.314676,5.080993702,1.1539,35.25,137.084064,0.619262996,0.122836788,2.964000094,187.1674942
240,Brc1cccc2ccccc12,3.8369982,5.241626,5.779105551,3.6023,0,205.9731123,0.086950722,0.025322314,2.913161164,374.0344904
241,Oc1ccc2ccccc2c1,7.913457,8.016172,6.232726246,2.5454,20.23,144.0575149,0.623660049,0.115716525,2.828901216,379.2844904
242,CC(Cl)N1CCNCC1,23.153,20.940428,2.76397184,0.4764,15.27,148.0767261,0.396404024,0.082219198,2.228362115,79.12704562
243,C#Cc1ccc2ccccc2c1,7.3596516,8.004008,2.989556131,2.8211,0,152.0626003,0.139511804,0.024846859,2.778141665,446.7901182
244,Cn1cnc2c(Cl)ncnc21,-4.610717,5.4520025,5.83618258,1.0167,43.6,168.0202738,0.482314588,0.164016123,2.941490232,394.3816552
245,C=CC1CCCO1,4.8506536,-10.165364,5.423527895,1.3514,9.23,98.07316494,0.449523111,0.075356863,2.261812525,62.58027135
246,COC1CCCCC1,3.9191847,-8.791953,5.286569505,1.9655,9.23,114.1044651,0.438555488,0.057094885,2.125016255,55.40716557
247,CCN1CCNC(Br)C1,21.598995,6.3740644,3.513761289,0.6325,15.27,192.0262105,0.378427673,0.075949666,2.231651619,87.12704562
248,OCC1CCOC1,3.2435422,-8.408754,2.835037147,0.0152,29.46,102.0680796,0.447650481,0.051654653,2.139963319,48.04184398
249,CCc1ccc(C(C)C)cc1,6.1076236,8.268603,5.110912882,3.3724,0,148.1252005,0.039412085,-0.02188205,2.827408604,205.984849
250,O=C(O)Cc1ccccc1CO,4.7451587,4.3403263,3.76620492,0.806,57.53,166.0629942,0.78831284,0.307326799,2.8889413,280.8570663
251,COC(N)c1ccccc1,11.588964,3.4338148,3.497489868,1.2903,35.25,137.084064,0.493463435,0.130923039,2.746978189,185.7088964
252,NC1CCCCC1,4.0031238,-8.86875,3.525223562,1.2778,26.02,99.10479942,0.331589598,0.003877844,2.12291795,46.14170945
253,BrCn1cnc2cncnc21,-7.4736295,-3.3244827,3.860561815,1.1787,43.6,211.9697583,0.468060778,0.16344363,2.760004898,369.3747187
254,Nc1cccc2ccccc12,3.7730372,5.099645,6.97800555,2.422,26.02,143.0734993,0.437546984,0.039321127,2.913161164,374.0344904
255,Oc1cccc(Br)c1,7.2597365,7.123573,5.927492113,2.1547,20.23,171.9523769,0.624126684,0.116201727,3.077660438,168.3883389
256,C#Cc1ccc(CC(=O)O)cc1,6.418087,5.2223487,4.926914912,1.295,37.3,160.0524295,0.788300944,0.307314771,2.795385188,316.6869705
257,C=CC(C)(C)c1ccccc1,3.036785,11.021465,7.133989809,3.1502,0,146.1095504,0.109475265,0.007264026,3.018763818,231.4750399
258,C#Cc1ccccc1O,4.190452,4.7864227,6.226154004,1.3735,20.23,118.0418648,0.637333448,0.130683651,3.199326439,244.9897024
259,C=CCn1cnc2cncnc21,-7.5144124,-3.2836063,5.347246553,1.0123,43.6,160.0748963,0.474305597,0.162970924,2.617449546,404.1049944
260,Brc1ccccc1,6.392759,6.956832,5.383483818,2.4491,0,155.9574623,0.079665273,0.017475283,3.02146531,134.1073697
261,CCc1ccccc1CC(=O)O,4.8613057,4.410784,6.514400802,1.8761,37.3,164.0837296,0.788311324,0.307325274,2.8889413,278.9219978
262,C#CC1CN(CC)CCN1,21.738836,6.5143123,1.708222692,-0.0867,15.27,138.1156984,0.382928205,0.081576987,2.334194726,136.6832425
263,Oc1cccc(O)c1,7.357276,7.3094234,4.810172691,1.0978,40.46,110.0367794,0.626587004,0.118763674,3.077660438,166.3883389
264,O=C(O)Cc1ccccc1Cl,4.600795,4.4020276,4.769194973,1.9671,37.3,170.0134571,0.788355922,0.307370395,2.857454154,270.5494976
265,CC(C)c1ccc(CO)cc1,6.031263,8.33161,6.615101097,2.3023,20.23,150.1044651,0.459817736,0.06813727,2.827408604,210.8193159
266,C=CC1CCCCC1,3.658792,-9.013067,4.623211681,2.7527,0,110.1095504,0.079184461,-0.023619047,2.216657972,68.10749561
267,COCC(C)c1ccccc1,12.27925,2.0397618,6.058085449,2.4365,9.23,150.1044651,0.43684531,0.052778904,2.610675164,193.2875676
268,C=Cc1ccc(CC(=O)O)cc1,6.4079814,5.248171,6.624125054,1.9567,37.3,162.0680796,0.788300938,0.307314765,2.77302171,285.2118185
269,NCc1ccc(CO)cc1,7.1331725,6.113865,5.490206081,0.6376,46.25,137.084064,0.459817746,0.06813728,2.797251263,169.9174942
270,NCc1ccccc1Br,4.185327,4.1155415,7.087520304,1.9078,26.02,184.9840114,0.348429384,0.021966858,3.006524007,197.8625685
271,FC1CCOC1,2.9251392,-8.103998,5.349530813,0.7448,9.23,90.04809306,0.503850863,0.125528044,2.18410557,40.81274391
272,Nc1cccc(CC(=O)O)c1,7.0392346,4.958457,4.97495171,0.8959,63.32,151.0633285,0.788302252,0.307316086,2.790931451,270.5494976
273,NCc1cccc(O)c1,7.7795286,6.4487224,4.709506618,0.8509,46.25,123.0684139,0.623354787,0.115399274,2.936866102,197.8625685
274,C#CC1CCOC1,3.215921,-8.387979,3.50923919,0.6561,9.23,96.05751488,0.440535554,0.060415588,2.306687,84.84336712
275,COc1ccccc1O,3.5133274,4.5873513,6.792398557,1.4008,29.46,124.0524295,0.664228557,0.159973721,3.006524007,195.8625685
276,NCn1cnc2cncnc21,-7.6099563,-3.1885293,6.325376145,-0.2575,69.62,149.0701452,0.47727709,0.163776901,2.760004898,365.7650782
277,Cn1c(O)nc2cncnc21,-11.869487,0.03876119,3.998300355,0.0689,63.83,150.0541608,0.775526043,0.295350964,2.924165617,394.3816552
278,C#CCC(C)c1ccccc1,12.241295,1.9775435,5.199154307,2.8134,0,144.0939004,0.135313275,0.01522633,2.70443096,240.4908623
279,NCc1ccccc1N,4.3014584,3.9954374,4.61027869,0.7275,52.04,122.0843983,0.434371513,0.035905729,3.006524007,195.8625685
280,NC(F)c1ccccc1,11.420501,3.5324621,6.606390996,1.6134,26.02,125.0640775,0.471858015,0.173964589,2.848234051,171.530842
281,CCN1CCNCC1CO,23.174362,11.98991,0.28970954,-0.7276,35.5,144.1262631,0.454571551,0.059875809,2.340034232,85.60689651
282,CC(CCO)c1ccccc1,12.136616,1.9844671,1.904285794,2.1725,20.23,150.1044651,0.439979178,0.043625491,2.610675164,193.2875676
283,C#CC(C(=O)O)c1ccccc1,10.628535,3.745106,3.758597252,1.488,37.3,160.0524295,0.80280678,0.322736868,2.978910862,308.3605062
284,CC(CO)N1CCNCC1,22.988853,20.733852,3.306876644,-0.7276,35.5,144.1262631,0.453128634,0.058369579,2.239538806,91.60689651
285,C=Cc1ncnc2c1ncn2C,-4.661368,5.39986,5.48355964,1.0063,43.6,160.0748963,0.481382998,0.163055637,2.894658031,429.5505228
286,CCC1CNCCN1CC,23.175804,11.986787,2.245328385,0.6901,15.27,142.1469986,0.335697982,0.021794918,2.340034232,81.25838097
287,NC(CO)c1ccccc1,11.509009,3.3649473,3.475685056,0.6787,46.25,137.084064,0.456792766,0.062389942,2.746978189,185.7088964
288,OCc1cccc2ccccc12,3.8661194,5.144278,2.661541876,2.3321,20.23,158.0731649,0.460395405,0.068737937,2.79096703,387.631175
289,CC(=O)NCCN1CCNCC1,20.635416,17.471004,3.459477653,-0.9723,44.37,171.1371622,0.571477049,0.216417101,2.012197752,143.2383991
290,C=Cc1cccc(CC(=O)O)c1,6.827833,5.2379904,4.912305468,1.9567,37.3,162.0680796,0.7883013,0.307315128,2.858675268,302.4618185
291,C#CC1CNCCN1CC,23.190159,11.972372,1.806480121,-0.0867,15.27,138.1156984,0.396716134,0.083805441,2.437188468,136.6832425
292,C#Cc1ccccc1,6.9788227,7.846288,3.672871843,1.6679,0,102.0469502,0.138873062,0.024207756,3.049388908,191.028337
293,CC(F)N1CCNCC1,23.040966,20.82794,4.319303527,0.2071,15.27,132.1062766,0.464591351,0.150408264,2.228362115,79.12704562
294,CCc1ncnc2c1ncn2C,-4.704257,5.3605995,4.174358377,0.9257,43.6,162.0905463,0.481042693,0.16270466,2.808944184,404.3501069
295,Clc1ccccc1,6.6566496,7.049036,5.202157733,2.34,0,112.0079778,0.124892917,0.040548441,3.02146531,134.1073697
296,CC(C)(Cl)c1ccccc1,3.0530574,11.005656,4.581633418,3.1605,0,154.054928,0.178550448,0.06383146,2.966043179,195.718293
297,NCc1cccc(N)c1,7.842245,6.210897,0.91924935,0.7275,52.04,122.0843983,0.430393649,0.031673601,2.936866102,195.8625685
298,NCc1ccc(O)cc1,6.9441943,6.16464,3.370347678,0.8509,46.25,123.0684139,0.623063121,0.115096489,2.881555878,180.6125685
299,OCc1cccc(O)c1,7.4794116,6.835225,4.93079837,0.8845,40.46,124.0524295,0.623391852,0.115437001,2.936866102,195.8625685
300,C#CC(C)(C)c1ccccc1,2.979106,11.078528,6.071563296,2.5974,0,144.0939004,0.16952916,0.050351968,3.050868308,261.8398264
301,C#Cc1ccccc1CN,3.995898,4.3275495,2.572778832,1.1266,26.02,131.0734993,0.35515783,0.028698941,3.116986451,257.6759307
302,C#Cc1ccc(C(C)C)cc1,6.3330703,8.128615,4.675189619,2.7913,0,144.0939004,0.138893293,0.024227991,2.938904554,259.0849389
303,CCc1ccccc1,6.6200724,6.2465663,2.909762924,2.249,0,106.0782503,0.031504659,-0.030744083,2.832085835,141.3842989
304,CCc1cccc(CN)c1,7.8363395,6.332342,1.941937278,1.7077,26.02,135.1047994,0.344268243,0.0177709,2.871145729,186.3881692
305,O=C(O)Cc1ccccc1Br,4.66716,4.346164,3.124234298,2.0762,37.3,213.9629416,0.788342443,0.307356757,2.857454154,270.5494976
306,Cn1cnc2c(O)ncnc21,-4.679103,5.3861103,4.615785498,0.0689,63.83,150.0541608,0.734040915,0.242437057,2.941490232,394.3816552
307,ClC1CCOC1,3.1203287,-8.189764,0.656214401,1.0141,9.23,106.0185425,0.442911591,0.063049734,2.18410557,40.81274391
308,CCc1cccc2ccccc12,3.7054226,4.9085674,5.556996105,3.4022,0,156.0939004,0.046426511,-0.015202866,2.79096703,382.6653728
309,COc1cccc(C(C)C)c1,6.6111155,8.35641,6.254924691,2.8186,9.23,150.1044651,0.615401085,0.118643307,2.913441904,228.0693159
310,CC(C)c1cccc(Br)c1,6.759305,8.580575,5.464925459,3.5725,0,198.0044125,0.078621729,0.017759734,2.955063749,215.7231805
311,CCc1ccc2ccccc2c1,7.716182,7.9451556,6.415805838,3.4022,0,156.0939004,0.043499505,-0.018130203,2.673996463,387.9153728
312,O=C(O)Cc1cccc(O)c1,7.117589,4.9388857,3.836781506,1.0193,57.53,152.0473441,0.815273269,0.30731712,2.790931451,267.7946101
313,FC1CCCCC1,3.986043,-8.760769,3.437383915,2.2886,0,102.0844786,0.347614157,0.100118622,2.12291795,46.14170945
314,CCc1ccccc1C(C)C,2.875668,4.741655,6.407305252,3.3724,0,148.1252005,0.04036456,-0.021609672,3.020725786,223.234849
315,O=C(O)Cc1cccc(F)c1,7.0857315,4.9892974,5.387207689,1.4528,37.3,154.0430077,0.788302709,0.307316546,2.790931451,270.5494976
316,Cn1cnc2cnc(C(=O)O)nc21,-9.6244545,2.4326196,4.419953427,0.0615,80.9,178.0490754,0.848845754,0.373508941,2.724812384,476.2973199
317,Oc1ccc(Cl)cc1,6.479073,7.1188555,4.738903381,2.0456,20.23,128.0028925,0.623144946,0.11517976,3.032455532,147.3883389
318,C#CC1CCCCC1,3.8510957,-8.852051,7.399396679,2.1999,0,108.0939004,0.139790821,0.019978395,2.249802039,91.09616281
319,CCc1ncc2ncn(C)c2n1,-9.639689,2.4095163,8.464021324,0.9257,43.6,162.0905463,0.481090369,0.162753596,2.713681303,404.3501069
320,CCc1cccc(C(C)C)c1,6.615506,8.451376,5.098120403,3.3724,0,148.1252005,0.039837736,-0.02187229,2.913441904,223.234849
321,COC(C)N1CCNCC1,23.173315,20.931326,2.638513423,-0.116,24.5,144.1262631,0.473633007,0.106957247,2.239538806,91.60689651
322,Cn1c(N)nc2cncnc21,-11.904367,0.05732765,5.35790144,-0.0545,69.62,149.0701452,0.570891234,0.201725193,2.924165617,390.7720147
323,C=Cc1ccc2ccccc2c1,7.026374,8.077676,4.845507008,3.4828,0,154.0782503,0.080661073,-0.01780862,2.751009187,413.0627537
324,NS(=O)(=O)C1CCOC1,2.9633117,-8.312226,3.428317615,-0.9362,69.39,151.0303141,0.593833899,0.213833617,2.631510714,179.9894287